epoch,time,train/box_loss,train/seg_loss,train/cls_loss,train/dfl_loss,metrics/precision(B),metrics/recall(B),metrics/mAP50(B),metrics/mAP50-95(B),metrics/precision(M),metrics/recall(M),metrics/mAP50(M),metrics/mAP50-95(M),val/box_loss,val/seg_loss,val/cls_loss,val/dfl_loss,lr/pg0,lr/pg1,lr/pg2
1,4.29616,0.9021,2.34022,3.33746,1.17118,0.00935,0.91623,0.11714,0.05195,0.00935,0.91623,0.12265,0.05029,0.81719,2.19184,3.21749,1.27643,3.334e-05,3.334e-05,3.334e-05
2,6.62371,0.8788,2.34796,3.31929,1.17022,0.0095,0.92675,0.10558,0.04598,0.0095,0.92675,0.11389,0.04709,0.8079,2.16167,3.20838,1.26608,8.30749e-05,8.30749e-05,8.30749e-05
3,9.00262,0.82402,2.03743,3.28531,1.13705,0.00977,0.95307,0.33669,0.18969,0.00977,0.95307,0.3245,0.20102,0.3497,0.68628,3.09589,0.86282,0.00013248,0.00013248,0.00013248
4,11.26,0.59419,0.90691,2.55942,0.90492,0.0099,1,0.45843,0.38947,0.0099,1,0.46003,0.42338,0.46358,0.47088,2.60724,0.81124,0.000181555,0.000181555,0.000181555
5,13.5548,0.47408,0.59881,1.61144,0.85907,0.98826,0.43784,0.47165,0.39969,0.98826,0.43784,0.47476,0.43662,0.51666,0.6994,1.91401,0.82439,0.000230299,0.000230299,0.000230299
6,15.8672,0.44463,0.48128,1.11429,0.82545,0.97712,0.43905,0.48795,0.43062,0.97712,0.43905,0.48546,0.4602,0.47823,0.57778,1.69553,0.81279,0.000278714,0.000278714,0.000278714
7,18.1766,0.39812,0.3708,0.92577,0.82566,0.96679,0.42632,0.48063,0.4184,0.96795,0.42632,0.4787,0.44849,0.47206,0.56551,1.5715,0.86381,0.000326799,0.000326799,0.000326799
8,20.5582,0.40372,0.4206,0.86625,0.83683,0.9924,0.34111,0.45271,0.39208,0.9924,0.34111,0.46716,0.42638,0.5319,0.60747,1.98053,0.92461,0.000374553,0.000374553,0.000374553
9,22.9265,0.36743,0.34522,0.83373,0.82718,0.9678,0.34617,0.47734,0.41361,0.95287,0.34721,0.49209,0.4239,0.54298,0.69499,2.17835,0.9363,0.000421978,0.000421978,0.000421978
10,25.2275,0.35504,0.28503,0.73964,0.81755,1,0.27866,0.56609,0.44514,1,0.27866,0.56517,0.45163,0.5974,0.8349,2.24337,0.97459,0.000469072,0.000469072,0.000469072
11,27.5574,0.42248,0.35619,0.68808,0.81606,1,0.30084,0.53948,0.45004,1,0.30084,0.51562,0.45365,0.56917,1.13789,2.308,0.95484,0.000515836,0.000515836,0.000515836
12,29.8906,0.37975,0.30113,0.68805,0.82395,1,0.19859,0.55266,0.48876,1,0.19859,0.54656,0.49101,0.50891,0.84199,2.27978,0.89395,0.000562271,0.000562271,0.000562271
13,32.2628,0.43371,0.34,0.72715,0.83073,0.62182,0.15081,0.56004,0.51237,0.62182,0.15081,0.56366,0.50914,0.47922,0.79122,2.39591,0.86621,0.000608375,0.000608375,0.000608375
14,34.6301,0.38136,0.25943,0.63996,0.82019,1,0.47368,0.64512,0.56193,0.99216,0.46841,0.64365,0.56363,0.5976,0.94859,1.91239,0.88346,0.000654149,0.000654149,0.000654149
15,36.9895,0.40005,0.28263,0.64502,0.82109,0.98618,0.60337,0.76269,0.67046,0.98618,0.60337,0.76283,0.64742,0.51484,0.75994,1.69579,0.85827,0.000699593,0.000699593,0.000699593
16,39.3117,0.38165,0.29616,0.64359,0.82339,0.90208,0.60856,0.82441,0.72907,0.90208,0.60856,0.82078,0.71202,0.47832,0.70445,1.63077,0.84176,0.000744707,0.000744707,0.000744707
17,41.7198,0.40081,0.25809,0.67582,0.83256,0.98263,0.56401,0.86191,0.76108,0.98263,0.56401,0.85771,0.73515,0.42918,0.6477,1.79615,0.83224,0.000789491,0.000789491,0.000789491
18,44.0439,0.37936,0.31083,0.65337,0.81883,0.98663,0.62705,0.87879,0.76132,0.98662,0.62549,0.82214,0.74745,0.44233,0.60336,1.80103,0.8552,0.000833945,0.000833945,0.000833945
19,46.4721,0.37927,0.29352,0.64388,0.82611,0.90184,0.68169,0.91361,0.73276,0.906,0.6809,0.87794,0.77989,0.4389,0.60045,1.90192,0.84909,0.000878069,0.000878069,0.000878069
20,48.8372,0.37394,0.27903,0.60741,0.83048,0.9475,0.67467,0.92334,0.73197,0.94739,0.67344,0.89018,0.81698,0.41372,0.62545,1.91637,0.84355,0.000921863,0.000921863,0.000921863
21,51.1423,0.36495,0.2829,0.59573,0.82394,1,0.64503,0.8807,0.75968,1,0.64503,0.8848,0.77041,0.38625,0.58975,1.70588,0.83017,0.000965326,0.000965326,0.000965326
22,53.5052,0.32922,0.25546,0.56434,0.81886,0.99357,0.65943,0.87558,0.7647,0.99357,0.65943,0.87581,0.77522,0.39646,0.48753,1.59308,0.83456,0.00100846,0.00100846,0.00100846
23,55.898,0.37977,0.32836,0.58824,0.82352,0.76867,0.48605,0.63825,0.58534,0.76867,0.48605,0.63825,0.59569,0.4006,0.47246,1.8028,0.83053,0.00105126,0.00105126,0.00105126
24,58.2168,0.37772,0.2719,0.57672,0.82704,0.61647,0.46623,0.64323,0.58708,0.61647,0.46623,0.64363,0.59145,0.39263,0.4742,1.97713,0.82765,0.00109374,0.00109374,0.00109374
25,60.5722,0.34006,0.25646,0.56009,0.80944,0.96558,0.61463,0.80157,0.71498,0.96558,0.61463,0.80322,0.70422,0.38022,0.53269,1.5878,0.82099,0.00113588,0.00113588,0.00113588
26,62.9588,0.36255,0.25172,0.53308,0.82446,0.93839,0.6992,0.87203,0.77368,0.93839,0.6992,0.87505,0.74821,0.3696,0.57611,1.33484,0.82589,0.00117769,0.00117769,0.00117769
27,65.3078,0.35716,0.28431,0.52695,0.81796,0.95277,0.76277,0.91541,0.84173,0.95867,0.76803,0.92516,0.85155,0.401,0.52918,1.28953,0.82463,0.00121918,0.00121918,0.00121918
28,67.6801,0.35587,0.23836,0.51883,0.81085,0.95537,0.77435,0.89998,0.81255,0.95712,0.77303,0.9063,0.8462,0.38443,0.46534,1.29704,0.81575,0.00126033,0.00126033,0.00126033
29,70.0505,0.38289,0.24039,0.54908,0.85132,0.76487,0.62763,0.74088,0.66525,0.77489,0.60984,0.7322,0.6215,0.41829,1.84141,1.66354,0.84914,0.00130115,0.00130115,0.00130115
30,72.3414,0.34871,0.25753,0.54076,0.80805,0.70505,0.6864,0.80833,0.74096,0.70979,0.69167,0.81217,0.74261,0.40618,0.49474,1.11727,0.83491,0.00134165,0.00134165,0.00134165
31,74.659,0.37933,0.2641,0.55256,0.83182,0.60019,0.71918,0.7201,0.64923,0.60356,0.72445,0.72457,0.6551,0.44394,0.5269,1.00255,0.85421,0.00138181,0.00138181,0.00138181
32,76.99,0.37312,0.24009,0.52587,0.80699,0.67382,0.72895,0.806,0.68271,0.67382,0.72895,0.80679,0.72457,0.43105,0.55196,0.96843,0.84855,0.00142164,0.00142164,0.00142164
33,79.3181,0.36174,0.2268,0.50253,0.82097,0.83888,0.80871,0.87387,0.78574,0.84037,0.8059,0.87675,0.78048,0.3685,0.54067,0.83962,0.83961,0.00146115,0.00146115,0.00146115
34,81.6611,0.37926,0.25229,0.53541,0.83424,0.87794,0.77736,0.91586,0.82195,0.87794,0.77736,0.91605,0.80036,0.36155,0.64728,0.79725,0.83916,0.00148546,0.00148546,0.00148546
35,83.9937,0.35564,0.23718,0.50414,0.82265,0.93841,0.8005,0.96368,0.85967,0.92363,0.78471,0.95554,0.79115,0.39143,1.15874,1.09355,0.85423,0.00147996,0.00147996,0.00147996
36,86.2895,0.36292,0.22358,0.53564,0.83578,0.94948,0.80086,0.94903,0.85436,0.88215,0.81397,0.95437,0.8893,0.3748,0.43704,0.99683,0.85235,0.00147446,0.00147446,0.00147446
37,88.6214,0.33785,0.24688,0.54347,0.82355,0.84427,0.88339,0.91438,0.83838,0.84427,0.88339,0.92548,0.83265,0.37842,0.44796,0.71176,0.85345,0.00146896,0.00146896,0.00146896
38,90.9131,0.34026,0.26761,0.51685,0.81743,0.80369,0.90975,0.92759,0.85058,0.80369,0.90975,0.92759,0.84608,0.37079,0.5846,0.67381,0.84746,0.00146346,0.00146346,0.00146346
39,93.2431,0.33502,0.22642,0.49562,0.82554,0.70479,0.91731,0.96831,0.85721,0.6708,0.95244,0.94809,0.82946,0.37757,0.72591,0.75596,0.84333,0.00145796,0.00145796,0.00145796
40,95.5816,0.33419,0.26646,0.49833,0.81748,0.90154,0.95773,0.97057,0.8587,0.90154,0.95773,0.9718,0.83209,0.39629,0.76805,0.57388,0.85165,0.00145246,0.00145246,0.00145246
41,97.8961,0.32528,0.23044,0.4691,0.81097,0.90513,0.90515,0.9433,0.84008,0.88478,0.86668,0.92653,0.79713,0.34637,0.77922,0.56137,0.82346,0.00144696,0.00144696,0.00144696
42,100.194,0.3385,0.21094,0.52296,0.82603,0.77757,0.945,0.89844,0.79674,0.77757,0.945,0.89844,0.77293,0.36006,0.82151,0.61928,0.82085,0.00144145,0.00144145,0.00144145
43,102.517,0.36147,0.26036,0.47771,0.82213,0.76954,0.87456,0.83065,0.72539,0.76954,0.87456,0.83486,0.71473,0.39147,0.94444,0.68682,0.84613,0.00143595,0.00143595,0.00143595
44,104.834,0.36441,0.27492,0.48218,0.81495,0.78647,0.94064,0.85183,0.73317,0.78647,0.94064,0.85658,0.7421,0.41894,0.78766,0.70245,0.85252,0.00143045,0.00143045,0.00143045
45,107.172,0.33385,0.26198,0.47669,0.82003,0.93016,0.87239,0.94398,0.83716,0.93016,0.87239,0.94597,0.83738,0.35615,0.57439,0.55367,0.80921,0.00142495,0.00142495,0.00142495
46,109.472,0.36096,0.2496,0.47171,0.83362,0.96223,0.74565,0.88704,0.78563,0.96223,0.74565,0.89147,0.7904,0.39221,0.70164,0.61948,0.81241,0.00141945,0.00141945,0.00141945
47,111.847,0.35233,0.24995,0.47983,0.82584,0.8771,0.73918,0.868,0.7771,0.8771,0.73918,0.86867,0.7611,0.50143,0.78866,0.89436,0.85628,0.00141395,0.00141395,0.00141395
48,114.249,0.33662,0.23576,0.44182,0.83332,0.85793,0.82158,0.9008,0.79441,0.85793,0.82158,0.90284,0.78263,0.45676,0.97657,0.8661,0.8474,0.00140845,0.00140845,0.00140845
49,116.654,0.33305,0.22505,0.48163,0.81566,0.89043,0.84827,0.93158,0.86402,0.89043,0.84827,0.93357,0.80431,0.3467,1.1674,0.694,0.81096,0.00140295,0.00140295,0.00140295
50,119.14,0.33244,0.21434,0.44633,0.82345,0.94056,0.90479,0.94146,0.8762,0.94633,0.91278,0.94605,0.81993,0.35895,1.1597,0.67303,0.82147,0.00139745,0.00139745,0.00139745
51,121.584,0.33284,0.22451,0.45161,0.82391,0.97228,0.98233,0.98514,0.91453,0.97228,0.98233,0.98981,0.87051,0.31316,0.97066,0.47474,0.8044,0.00139195,0.00139195,0.00139195
52,123.976,0.31898,0.23877,0.44017,0.82824,0.96068,0.98522,0.98655,0.89901,0.96572,0.99048,0.99159,0.89831,0.34286,1.05794,0.46319,0.82026,0.00138644,0.00138644,0.00138644
53,126.529,0.32043,0.22375,0.4266,0.82001,0.94517,0.94254,0.98002,0.90792,0.96116,0.92561,0.9854,0.89946,0.31362,0.72202,0.45402,0.82158,0.00138094,0.00138094,0.00138094
54,128.925,0.31602,0.22914,0.42942,0.81308,0.90816,0.98114,0.97952,0.92472,0.91307,0.98595,0.98432,0.88696,0.33939,0.54877,0.4706,0.81502,0.00137544,0.00137544,0.00137544
55,131.386,0.34267,0.21637,0.42166,0.81959,0.93791,0.99474,0.96072,0.90739,0.93791,0.99474,0.9652,0.85677,0.30371,0.44799,0.42387,0.80461,0.00136994,0.00136994,0.00136994
56,133.882,0.37241,0.22874,0.44178,0.82797,0.94058,0.95307,0.97448,0.92817,0.94058,0.95307,0.97723,0.86349,0.30905,0.45465,0.4203,0.80727,0.00136444,0.00136444,0.00136444
57,136.374,0.32789,0.23593,0.40961,0.8341,0.9434,0.99474,0.98707,0.93534,0.9434,0.99474,0.99026,0.88668,0.34146,0.46473,0.40672,0.81394,0.00135894,0.00135894,0.00135894
58,138.702,0.3182,0.22825,0.41874,0.83314,0.97882,1,0.99324,0.94208,0.97882,1,0.99324,0.89395,0.30753,0.43315,0.39143,0.8085,0.00135344,0.00135344,0.00135344
59,141.003,0.30728,0.21095,0.3984,0.82019,0.98212,0.99886,0.99454,0.92333,0.98212,0.99886,0.99454,0.89978,0.33454,0.35488,0.43699,0.83128,0.00134794,0.00134794,0.00134794
60,143.413,0.30881,0.2107,0.4081,0.80622,0.97744,0.99474,0.99356,0.9139,0.97744,0.99474,0.99356,0.8732,0.3297,0.33838,0.41787,0.82915,0.00134244,0.00134244,0.00134244
61,145.822,0.3218,0.22347,0.39164,0.82351,0.97753,0.98947,0.99012,0.93427,0.98271,0.99474,0.99432,0.88911,0.28724,0.33552,0.3749,0.81331,0.00133693,0.00133693,0.00133693
62,148.16,0.30864,0.2069,0.38438,0.80485,0.97977,0.9976,0.99385,0.91301,0.97977,0.9976,0.99385,0.87991,0.30903,0.28981,0.37989,0.81843,0.00133143,0.00133143,0.00133143
63,150.623,0.31181,0.20042,0.38334,0.81904,0.98178,0.95345,0.99053,0.91415,0.98178,0.95345,0.99053,0.83612,0.29414,0.32937,0.37359,0.8135,0.00132593,0.00132593,0.00132593
64,152.993,0.31628,0.17316,0.3785,0.81831,0.98182,1,0.99376,0.91207,0.98182,1,0.99376,0.84623,0.30339,0.33981,0.37321,0.81629,0.00132043,0.00132043,0.00132043
65,155.331,0.30587,0.19423,0.37684,0.81414,0.9783,0.99022,0.99288,0.92909,0.9783,0.99022,0.99288,0.8603,0.29064,0.31995,0.37898,0.81884,0.00131493,0.00131493,0.00131493
66,157.709,0.2929,0.20079,0.36275,0.81872,0.94541,0.97858,0.97615,0.91693,0.94541,0.97858,0.97615,0.85505,0.29482,0.33007,0.43829,0.8211,0.00130943,0.00130943,0.00130943
67,160.112,0.29631,0.2007,0.37564,0.81432,0.82926,0.98947,0.94533,0.88237,0.83143,0.98947,0.96021,0.83691,0.32092,0.38433,0.6135,0.8263,0.00130393,0.00130393,0.00130393
68,162.528,0.29591,0.17747,0.3733,0.8132,0.82968,0.95307,0.95677,0.90077,0.82968,0.95307,0.95677,0.83045,0.30267,0.41768,0.61654,0.82078,0.00129843,0.00129843,0.00129843
69,164.973,0.29801,0.20959,0.36202,0.81453,0.97189,0.94781,0.98756,0.91645,0.97189,0.94781,0.98756,0.84557,0.2903,0.46098,0.45199,0.81615,0.00129293,0.00129293,0.00129293
70,167.298,0.3045,0.19938,0.36503,0.82027,0.97871,0.95232,0.99044,0.94007,0.97871,0.95232,0.99044,0.84426,0.29251,0.46675,0.42854,0.81983,0.00128742,0.00128742,0.00128742
71,169.69,0.29994,0.18789,0.37272,0.81058,0.96485,0.99474,0.99368,0.93132,0.96485,0.99474,0.99368,0.88139,0.28103,0.42968,0.41826,0.82032,0.00128192,0.00128192,0.00128192
72,172.02,0.27876,0.17019,0.35309,0.81632,0.95662,0.96686,0.99388,0.92071,0.96152,0.95833,0.9908,0.87273,0.27882,0.43347,0.43649,0.81884,0.00127642,0.00127642,0.00127642
73,174.325,0.28453,0.15875,0.34512,0.81487,0.93796,0.95833,0.98645,0.93341,0.93796,0.95833,0.98216,0.88013,0.26675,0.48757,0.45009,0.8149,0.00127092,0.00127092,0.00127092
74,176.62,0.28323,0.18076,0.33927,0.80565,0.94562,0.95833,0.99038,0.93373,0.94562,0.95833,0.95541,0.87089,0.27099,0.46965,0.4074,0.82545,0.00126542,0.00126542,0.00126542
75,178.913,0.28353,0.18746,0.33248,0.81147,0.96896,0.98947,0.99396,0.95476,0.97415,0.99474,0.99415,0.90629,0.25582,0.43903,0.32195,0.81814,0.00125992,0.00125992,0.00125992
76,181.205,0.28023,0.17454,0.33681,0.81227,0.9862,0.98511,0.99375,0.95265,0.9862,0.98511,0.99399,0.91353,0.26493,0.39903,0.31626,0.81212,0.00125442,0.00125442,0.00125442
77,183.52,0.29927,0.20313,0.32964,0.81736,0.98791,0.98421,0.99343,0.94415,0.98791,0.98421,0.99357,0.89572,0.2725,0.37429,0.32034,0.81605,0.00124892,0.00124892,0.00124892
78,185.791,0.26564,0.20694,0.32095,0.8082,0.98592,0.98421,0.99294,0.94319,0.98592,0.98421,0.99299,0.90565,0.26135,0.35498,0.312,0.8114,0.00124342,0.00124342,0.00124342
79,188.119,0.27756,0.18706,0.32228,0.79942,0.98581,0.99072,0.9907,0.93533,0.98581,0.99072,0.99171,0.92453,0.26456,0.29955,0.31413,0.8037,0.00123791,0.00123791,0.00123791
80,190.411,0.30228,0.18902,0.33542,0.83585,0.98591,0.9932,0.99093,0.93787,0.98591,0.9932,0.99165,0.9284,0.26111,0.28243,0.31273,0.80119,0.00123241,0.00123241,0.00123241
81,192.723,0.26767,0.15697,0.30798,0.80978,0.98684,0.98421,0.99238,0.93313,0.98684,0.98421,0.9931,0.94892,0.24491,0.30673,0.30897,0.80089,0.00122691,0.00122691,0.00122691
82,194.996,0.28302,0.19499,0.33113,0.81207,0.99048,0.98421,0.99256,0.95389,0.99048,0.98421,0.99348,0.93186,0.2442,0.31233,0.3011,0.80423,0.00122141,0.00122141,0.00122141
83,197.308,0.32322,0.22013,0.35299,0.81714,0.98808,0.98421,0.99266,0.96298,0.98851,0.98533,0.9932,0.93849,0.24406,0.27871,0.30074,0.81157,0.00121591,0.00121591,0.00121591
84,199.618,0.28539,0.1859,0.32124,0.81747,0.99068,0.98421,0.99321,0.9639,0.98248,0.99603,0.99365,0.94722,0.25413,0.28424,0.30072,0.81544,0.00121041,0.00121041,0.00121041
85,201.955,0.26321,0.17718,0.30785,0.7934,0.9874,1,0.99309,0.95035,0.98225,0.99474,0.99276,0.92527,0.24412,0.35376,0.29043,0.80972,0.00120491,0.00120491,0.00120491
86,204.215,0.28202,0.20564,0.3326,0.80571,0.98672,1,0.99288,0.95193,0.98672,1,0.99288,0.94194,0.25194,0.33207,0.28791,0.81319,0.00119941,0.00119941,0.00119941
87,206.505,0.2816,0.20983,0.31727,0.80994,0.98602,0.98947,0.99289,0.9589,0.98646,0.99199,0.99352,0.92838,0.23664,0.27367,0.27392,0.79706,0.00119391,0.00119391,0.00119391
88,208.783,0.28122,0.19088,0.30956,0.81863,0.9898,0.98947,0.98871,0.95727,0.98962,0.98947,0.99352,0.92132,0.23587,0.27142,0.27924,0.79554,0.0011884,0.0011884,0.0011884
89,211.089,0.25802,0.1759,0.3125,0.79475,0.98956,0.98947,0.9932,0.94741,0.98907,0.98947,0.99394,0.92312,0.24945,0.27231,0.28329,0.7966,0.0011829,0.0011829,0.0011829
90,213.401,0.26595,0.19725,0.31354,0.8122,0.99076,0.98171,0.99313,0.95568,0.93999,0.99234,0.99109,0.9142,0.24024,0.30625,0.27699,0.80604,0.0011774,0.0011774,0.0011774
91,215.725,0.28057,0.18769,0.32182,0.80318,0.97967,0.98565,0.99384,0.93835,0.98453,0.99108,0.99422,0.9058,0.23853,0.32802,0.2828,0.81015,0.0011719,0.0011719,0.0011719
92,218.019,0.27036,0.18669,0.29728,0.79341,0.98251,0.98507,0.99359,0.93659,0.98251,0.98507,0.99422,0.90989,0.2394,0.31129,0.28663,0.81321,0.0011664,0.0011664,0.0011664
93,220.341,0.27842,0.21216,0.30118,0.82069,0.97857,0.98637,0.9928,0.95523,0.97857,0.98637,0.99361,0.8941,0.23647,0.33849,0.30957,0.80396,0.0011609,0.0011609,0.0011609
94,222.667,0.29002,0.19408,0.31944,0.82777,0.97514,0.98046,0.99161,0.95999,0.97514,0.98046,0.99245,0.89353,0.2293,0.38199,0.34296,0.8025,0.0011554,0.0011554,0.0011554
95,225.073,0.27007,0.17335,0.29307,0.79514,0.95706,0.95425,0.98381,0.93802,0.95706,0.95425,0.98566,0.88248,0.25128,0.46414,0.45057,0.81223,0.0011499,0.0011499,0.0011499
96,227.387,0.27264,0.17237,0.30901,0.80277,0.94227,0.96316,0.98214,0.94308,0.94227,0.96316,0.98384,0.8784,0.2328,0.44088,0.47695,0.81304,0.0011444,0.0011444,0.0011444
97,229.709,0.27254,0.16901,0.30811,0.8091,0.97258,0.96188,0.9871,0.93971,0.97258,0.96188,0.98878,0.90629,0.24353,0.38111,0.53045,0.81102,0.00113889,0.00113889,0.00113889
98,232.006,0.27065,0.16299,0.31439,0.80868,0.97508,0.97895,0.98914,0.94377,0.97508,0.97895,0.99157,0.90299,0.23583,0.35406,0.43294,0.8037,0.00113339,0.00113339,0.00113339
99,234.269,0.25719,0.18888,0.28914,0.80594,0.98511,0.98046,0.99102,0.97022,0.98511,0.98046,0.99426,0.91126,0.23408,0.36117,0.30819,0.80289,0.00112789,0.00112789,0.00112789
100,236.591,0.24739,0.16179,0.28111,0.79823,0.98377,0.98275,0.99146,0.96466,0.98377,0.98275,0.99459,0.91533,0.23585,0.35394,0.29006,0.80029,0.00112239,0.00112239,0.00112239
101,238.914,0.26929,0.162,0.2974,0.8076,0.98656,0.9853,0.99126,0.9718,0.98656,0.9853,0.99405,0.9067,0.22845,0.34927,0.30294,0.79769,0.00111689,0.00111689,0.00111689
102,241.186,0.25459,0.16895,0.29906,0.81209,0.98461,0.98947,0.99219,0.9622,0.98461,0.98947,0.99272,0.90008,0.22422,0.36401,0.3227,0.80554,0.00111139,0.00111139,0.00111139
103,243.436,0.24074,0.14404,0.27227,0.80015,0.98551,0.98802,0.99017,0.945,0.97891,0.99033,0.9907,0.90027,0.26244,0.38044,0.32631,0.8094,0.00110589,0.00110589,0.00110589
104,245.773,0.2927,0.17366,0.32211,0.81552,0.98272,0.98947,0.99095,0.9472,0.98272,0.98947,0.99109,0.89465,0.24545,0.37412,0.28905,0.80651,0.00110039,0.00110039,0.00110039
105,248.097,0.27754,0.19671,0.30472,0.81025,0.94643,0.97939,0.99316,0.9548,0.94643,0.97939,0.99316,0.90035,0.22853,0.33803,0.28392,0.81585,0.00109489,0.00109489,0.00109489
106,250.52,0.28496,0.21144,0.30207,0.80887,0.94459,0.97839,0.98376,0.95193,0.94459,0.97839,0.98376,0.90811,0.23642,0.30759,0.29378,0.81482,0.00108938,0.00108938,0.00108938
107,252.983,0.27126,0.14733,0.29669,0.80953,0.94288,0.98081,0.96836,0.923,0.94288,0.98081,0.96836,0.88125,0.22994,0.28044,0.28011,0.8109,0.00108388,0.00108388,0.00108388
108,255.474,0.24288,0.14344,0.28237,0.80348,0.91679,0.95981,0.96179,0.92394,0.91679,0.95981,0.96179,0.87771,0.21249,0.28753,0.29656,0.80827,0.00107838,0.00107838,0.00107838
109,258.012,0.26021,0.15752,0.28169,0.80213,0.87704,0.97458,0.93942,0.89863,0.87704,0.97458,0.93942,0.85682,0.23001,0.27788,0.32424,0.81438,0.00107288,0.00107288,0.00107288
110,260.419,0.26725,0.16293,0.27879,0.819,0.90598,0.94805,0.93349,0.89806,0.90598,0.94805,0.93349,0.85911,0.22131,0.26847,0.31458,0.81363,0.00106738,0.00106738,0.00106738
111,262.766,0.2759,0.17734,0.30527,0.81261,0.9076,0.97926,0.93909,0.91872,0.9076,0.97926,0.93909,0.83701,0.21666,0.29399,0.31028,0.81185,0.00106188,0.00106188,0.00106188
112,265.087,0.27854,0.15384,0.28609,0.82244,0.90689,0.9795,0.95065,0.92843,0.90689,0.9795,0.95065,0.85872,0.21338,0.30538,0.30635,0.81019,0.00105638,0.00105638,0.00105638
113,267.476,0.25448,0.15089,0.27752,0.80013,0.94496,0.97173,0.96739,0.94516,0.94496,0.97173,0.96739,0.88132,0.20863,0.2766,0.29446,0.80939,0.00105088,0.00105088,0.00105088
114,269.743,0.26471,0.16189,0.3034,0.80832,0.93932,0.98268,0.96477,0.95081,0.93932,0.98268,0.96477,0.88078,0.21063,0.29164,0.29629,0.80662,0.00104538,0.00104538,0.00104538
115,272.107,0.25294,0.17183,0.278,0.80602,0.98402,0.98106,0.99339,0.9672,0.98402,0.98106,0.99339,0.91796,0.21212,0.32166,0.2752,0.80375,0.00103987,0.00103987,0.00103987
116,274.491,0.24268,0.16112,0.27775,0.8064,0.98217,0.98317,0.99394,0.98121,0.98217,0.98317,0.99394,0.90475,0.21058,0.32307,0.27375,0.80809,0.00103437,0.00103437,0.00103437
117,276.689,0.2397,0.14252,0.26272,0.79855,0.9822,0.98614,0.99166,0.97974,0.9822,0.98614,0.99166,0.89501,0.20329,0.3353,0.26707,0.81164,0.00102887,0.00102887,0.00102887
118,278.945,0.22855,0.15221,0.27308,0.80792,0.98486,0.98868,0.99138,0.97989,0.98486,0.98868,0.99138,0.88687,0.202,0.33697,0.26171,0.81269,0.00102337,0.00102337,0.00102337
119,281.175,0.22404,0.13742,0.26464,0.80536,0.9859,0.99048,0.98993,0.96838,0.9859,0.99048,0.98993,0.88574,0.21774,0.32887,0.26616,0.81207,0.00101787,0.00101787,0.00101787
120,283.383,0.26192,0.15504,0.29137,0.81519,0.98607,0.99151,0.98918,0.96597,0.98607,0.99151,0.98918,0.87933,0.20554,0.32387,0.26474,0.80771,0.00101237,0.00101237,0.00101237
121,285.618,0.25543,0.16466,0.27429,0.8087,0.98581,0.99505,0.99036,0.96049,0.98581,0.99505,0.99036,0.88702,0.20083,0.32143,0.25811,0.80633,0.00100687,0.00100687,0.00100687
122,287.911,0.23377,0.15102,0.26092,0.80448,0.98564,0.9952,0.99223,0.96111,0.98564,0.9952,0.99223,0.90846,0.21133,0.32264,0.26061,0.80574,0.00100137,0.00100137,0.00100137
123,290.103,0.25137,0.14957,0.27302,0.80908,0.98445,0.99415,0.99304,0.96478,0.98445,0.99415,0.99304,0.92113,0.20119,0.31521,0.25206,0.80392,0.000995866,0.000995866,0.000995866
124,292.319,0.24117,0.1398,0.27066,0.79746,0.98504,0.99519,0.99388,0.98898,0.98504,0.99519,0.99388,0.92763,0.20719,0.30516,0.26477,0.7979,0.000990365,0.000990365,0.000990365
125,294.571,0.2604,0.14937,0.27558,0.80601,0.98788,0.9936,0.99417,0.98206,0.98788,0.9936,0.99417,0.92223,0.21564,0.29385,0.27478,0.80522,0.000984864,0.000984864,0.000984864
126,296.743,0.24139,0.14774,0.27434,0.8003,0.98917,0.99452,0.99357,0.97523,0.98917,0.99452,0.99357,0.91736,0.21431,0.30343,0.26722,0.79955,0.000979362,0.000979362,0.000979362
127,299.009,0.2412,0.1427,0.25295,0.79382,0.97611,0.97279,0.99258,0.95827,0.97611,0.97279,0.99258,0.90475,0.22627,0.35951,0.31864,0.80095,0.000973861,0.000973861,0.000973861
128,301.22,0.25576,0.17666,0.26546,0.7997,0.97642,0.96585,0.99216,0.95008,0.97642,0.96585,0.99216,0.90096,0.22142,0.36172,0.34839,0.79808,0.00096836,0.00096836,0.00096836
129,303.446,0.25019,0.1494,0.25701,0.80129,0.97548,0.95169,0.99073,0.97275,0.97548,0.95169,0.99073,0.89138,0.20873,0.37418,0.38357,0.79562,0.000962859,0.000962859,0.000962859
130,305.714,0.24286,0.15538,0.2545,0.80544,0.97528,0.95054,0.98984,0.97618,0.97528,0.95054,0.98984,0.8854,0.20968,0.38636,0.39629,0.79849,0.000957358,0.000957358,0.000957358
131,307.942,0.21679,0.1195,0.26233,0.80462,0.94417,0.97323,0.98823,0.94957,0.94417,0.97323,0.98823,0.88118,0.21176,0.39816,0.53192,0.79918,0.000951857,0.000951857,0.000951857
132,310.14,0.23282,0.12685,0.25603,0.8066,0.9577,0.97368,0.98757,0.95934,0.95583,0.97368,0.98808,0.88772,0.21332,0.38265,0.46912,0.7975,0.000946356,0.000946356,0.000946356
133,312.419,0.24234,0.14598,0.26677,0.81279,0.9732,0.99887,0.99264,0.95408,0.9732,0.99887,0.99264,0.92976,0.23459,0.33505,0.25681,0.79992,0.000940855,0.000940855,0.000940855
134,314.733,0.25935,0.15402,0.26638,0.80818,0.97622,1,0.99319,0.965,0.97622,1,0.99333,0.92296,0.2296,0.3298,0.25107,0.79487,0.000935354,0.000935354,0.000935354
135,317.004,0.26289,0.15393,0.26949,0.80709,0.97628,0.99474,0.99396,0.9543,0.98138,1,0.99427,0.9136,0.21896,0.31993,0.23819,0.79361,0.000929853,0.000929853,0.000929853
136,319.298,0.24677,0.17572,0.26478,0.79778,0.98219,0.99608,0.99406,0.97407,0.98689,1,0.99426,0.90676,0.21762,0.31669,0.24317,0.79954,0.000924352,0.000924352,0.000924352
137,321.498,0.22597,0.14446,0.25759,0.80022,0.98625,0.99868,0.99433,0.96822,0.98625,0.99868,0.99433,0.90642,0.21448,0.30796,0.23938,0.79874,0.00091885,0.00091885,0.00091885
138,323.677,0.23343,0.14298,0.26268,0.80742,0.98637,0.99954,0.99448,0.96926,0.98637,0.99954,0.99448,0.90593,0.20465,0.29937,0.23216,0.79935,0.000913349,0.000913349,0.000913349
139,325.864,0.23248,0.14118,0.24946,0.80992,0.98514,1,0.99426,0.97605,0.98514,1,0.99426,0.90235,0.20806,0.31341,0.2439,0.80653,0.000907848,0.000907848,0.000907848
140,328.036,0.22839,0.14084,0.25155,0.81058,0.98461,1,0.99442,0.96632,0.98461,1,0.99442,0.88254,0.20608,0.31854,0.2418,0.8075,0.000902347,0.000902347,0.000902347
141,330.276,0.23361,0.1677,0.2373,0.81733,0.98272,0.99527,0.99448,0.95903,0.98272,0.99527,0.99448,0.88376,0.20682,0.31478,0.23961,0.80677,0.000896846,0.000896846,0.000896846
142,332.457,0.23647,0.14008,0.24552,0.81468,0.97941,0.99486,0.99437,0.95774,0.97941,0.99486,0.99437,0.89061,0.2075,0.31496,0.23853,0.81022,0.000891345,0.000891345,0.000891345
143,334.652,0.24185,0.17829,0.24983,0.81047,0.97526,0.9899,0.99412,0.96111,0.97526,0.9899,0.99412,0.88152,0.21242,0.32953,0.24086,0.81086,0.000885844,0.000885844,0.000885844
144,336.831,0.22955,0.14024,0.24605,0.80958,0.97245,0.99003,0.99406,0.96766,0.97245,0.99003,0.99406,0.8797,0.19366,0.33968,0.24421,0.80861,0.000880343,0.000880343,0.000880343
145,339.034,0.22599,0.15207,0.26769,0.80689,0.98133,0.98916,0.99412,0.96025,0.98133,0.98916,0.99412,0.8989,0.19675,0.32247,0.24546,0.81538,0.000874842,0.000874842,0.000874842
146,341.237,0.2414,0.16658,0.25637,0.81052,0.98369,0.98861,0.99422,0.97047,0.98369,0.98861,0.99422,0.90188,0.19898,0.3012,0.24893,0.81606,0.00086934,0.00086934,0.00086934
147,343.452,0.22633,0.17406,0.23941,0.79203,0.98515,0.98954,0.99437,0.97088,0.98515,0.98954,0.99437,0.90749,0.18788,0.27183,0.23466,0.80964,0.000863839,0.000863839,0.000863839
148,345.637,0.22381,0.14673,0.23838,0.81063,0.98667,0.98961,0.99448,0.9766,0.98667,0.98961,0.99448,0.92101,0.20175,0.25711,0.23639,0.80389,0.000858338,0.000858338,0.000858338
149,347.817,0.20467,0.1532,0.23716,0.80621,0.98802,0.98947,0.99458,0.98928,0.98802,0.98947,0.99458,0.92178,0.19743,0.24381,0.2262,0.80897,0.000852837,0.000852837,0.000852837
150,350.018,0.25177,0.17586,0.25736,0.78839,0.98519,0.98609,0.99442,0.98236,0.98519,0.98609,0.99442,0.92569,0.19357,0.23921,0.23025,0.80864,0.000847336,0.000847336,0.000847336
151,352.264,0.21929,0.15862,0.24346,0.79697,0.98472,0.97212,0.99369,0.97901,0.98472,0.97212,0.994,0.93978,0.20845,0.21274,0.24641,0.81283,0.000841835,0.000841835,0.000841835
152,354.47,0.24828,0.16499,0.26686,0.81397,0.9774,0.98421,0.9933,0.97214,0.97649,0.98481,0.99376,0.92921,0.19234,0.21034,0.23448,0.80552,0.000836334,0.000836334,0.000836334
153,356.669,0.22072,0.18301,0.2382,0.8038,0.98328,0.98235,0.99358,0.98711,0.97183,0.99527,0.99376,0.91452,0.18937,0.2157,0.23109,0.80199,0.000830833,0.000830833,0.000830833
154,358.855,0.20323,0.13983,0.22772,0.81925,0.97794,0.99507,0.99387,0.97791,0.97794,0.99507,0.99387,0.92799,0.19865,0.22104,0.23238,0.80172,0.000825332,0.000825332,0.000825332
155,361.055,0.21413,0.14618,0.23302,0.80838,0.98239,0.99352,0.99305,0.98183,0.98239,0.99352,0.99305,0.93626,0.18808,0.21423,0.22396,0.80196,0.000819831,0.000819831,0.000819831
156,363.249,0.20423,0.1531,0.22829,0.80686,0.98559,0.99039,0.99263,0.9815,0.98559,0.99039,0.99263,0.94528,0.19354,0.21344,0.22887,0.80491,0.000814329,0.000814329,0.000814329
157,365.487,0.20582,0.14375,0.23027,0.79669,0.98069,0.99892,0.99276,0.97292,0.98069,0.99892,0.99276,0.96352,0.20761,0.22785,0.23669,0.80779,0.000808828,0.000808828,0.000808828
158,367.68,0.20528,0.14114,0.22328,0.80152,0.98135,1,0.99314,0.95806,0.98135,1,0.99314,0.96369,0.2023,0.23256,0.23825,0.80728,0.000803327,0.000803327,0.000803327
159,369.875,0.21931,0.16372,0.23115,0.79956,0.98139,0.99838,0.99397,0.95681,0.98139,0.99838,0.99397,0.94869,0.19065,0.24374,0.23496,0.80172,0.000797826,0.000797826,0.000797826
160,372.065,0.21983,0.14602,0.23744,0.81019,0.97729,0.99809,0.99396,0.96733,0.97729,0.99809,0.99396,0.95121,0.19511,0.25938,0.22987,0.80232,0.000792325,0.000792325,0.000792325
161,374.24,0.21867,0.1516,0.23263,0.81942,0.9816,1,0.99421,0.96977,0.9816,1,0.99421,0.94028,0.19088,0.28889,0.22426,0.79967,0.000786824,0.000786824,0.000786824
162,376.45,0.20902,0.14144,0.23112,0.8129,0.9862,1,0.99412,0.97724,0.9862,1,0.99412,0.92953,0.18369,0.30602,0.22534,0.80068,0.000781323,0.000781323,0.000781323
163,378.738,0.21647,0.16454,0.24006,0.80915,0.98553,0.99749,0.99407,0.97614,0.98553,0.99749,0.99407,0.93982,0.19267,0.32179,0.22688,0.8009,0.000775822,0.000775822,0.000775822
164,381.034,0.19598,0.12412,0.22593,0.80483,0.98665,0.99474,0.99391,0.98045,0.98684,0.99521,0.99397,0.93973,0.18948,0.33235,0.22614,0.80168,0.000770321,0.000770321,0.000770321
165,383.371,0.20413,0.1363,0.21055,0.79626,0.98625,0.99571,0.99397,0.9694,0.98625,0.99571,0.99397,0.92334,0.19602,0.31355,0.23448,0.80712,0.00076482,0.00076482,0.00076482
166,385.629,0.23124,0.14292,0.23467,0.80706,0.98619,0.99505,0.99379,0.98056,0.98619,0.99505,0.99379,0.92479,0.19322,0.29933,0.23403,0.80601,0.000759318,0.000759318,0.000759318
167,388.005,0.22753,0.15936,0.2381,0.79479,0.9864,0.99374,0.99376,0.98863,0.9864,0.99374,0.99376,0.92326,0.1919,0.292,0.23888,0.8098,0.000753817,0.000753817,0.000753817
168,390.289,0.21768,0.14082,0.22863,0.79792,0.98639,0.99332,0.99384,0.98838,0.98639,0.99332,0.99384,0.92208,0.19247,0.29913,0.23062,0.8128,0.000748316,0.000748316,0.000748316
169,392.621,0.1996,0.13699,0.21521,0.79075,0.9869,0.99244,0.99405,0.98786,0.9869,0.99244,0.99405,0.90488,0.18602,0.3047,0.22543,0.81705,0.000742815,0.000742815,0.000742815
170,394.94,0.20403,0.14013,0.21823,0.79009,0.98707,0.99259,0.99367,0.97545,0.98707,0.99259,0.99367,0.92228,0.19631,0.3167,0.22425,0.80656,0.000737314,0.000737314,0.000737314
171,397.187,0.20909,0.14678,0.2246,0.80245,0.98726,0.99155,0.99189,0.97808,0.98726,0.99155,0.99189,0.90912,0.20226,0.30884,0.22271,0.8005,0.000731813,0.000731813,0.000731813
172,399.404,0.21648,0.14545,0.22739,0.82272,0.9869,0.99098,0.99145,0.97925,0.9869,0.99098,0.99145,0.92918,0.19627,0.29641,0.22312,0.80319,0.000726312,0.000726312,0.000726312
173,401.612,0.22181,0.16514,0.22384,0.78768,0.9856,0.99067,0.99137,0.98077,0.9856,0.99067,0.99137,0.92973,0.19316,0.29785,0.22779,0.81047,0.000720811,0.000720811,0.000720811
174,403.791,0.22269,0.15504,0.22765,0.81673,0.98525,0.99058,0.9916,0.98135,0.98525,0.99058,0.9916,0.92431,0.19984,0.29268,0.22886,0.81171,0.00071531,0.00071531,0.00071531
175,405.992,0.20947,0.15366,0.21749,0.79494,0.98466,0.9916,0.99155,0.97499,0.98466,0.9916,0.99155,0.92671,0.18456,0.28534,0.22019,0.81037,0.000709809,0.000709809,0.000709809
176,408.199,0.18411,0.12932,0.20369,0.79004,0.98534,0.99277,0.98972,0.9745,0.98534,0.99277,0.98972,0.93923,0.18173,0.27306,0.21738,0.80806,0.000704307,0.000704307,0.000704307
177,410.39,0.21706,0.16616,0.22038,0.81245,0.98598,0.99306,0.98708,0.96912,0.98598,0.99306,0.98708,0.93485,0.18253,0.24443,0.23237,0.79824,0.000698806,0.000698806,0.000698806
178,412.563,0.20578,0.14359,0.2194,0.8021,0.98462,0.99286,0.98736,0.97961,0.98462,0.99286,0.98736,0.93928,0.18207,0.24045,0.23346,0.80415,0.000693305,0.000693305,0.000693305
179,414.774,0.20957,0.15289,0.22415,0.80868,0.98481,0.99154,0.98941,0.96761,0.98481,0.99154,0.98941,0.93219,0.17832,0.2329,0.22432,0.79329,0.000687804,0.000687804,0.000687804
180,416.959,0.20709,0.14408,0.22192,0.79447,0.98603,0.99116,0.9904,0.98006,0.98603,0.99116,0.9904,0.9275,0.17449,0.23025,0.21813,0.79197,0.000682303,0.000682303,0.000682303
181,419.15,0.21502,0.14993,0.21848,0.80944,0.98452,0.9918,0.99299,0.98594,0.98452,0.9918,0.99299,0.94791,0.18012,0.21995,0.22353,0.79563,0.000676802,0.000676802,0.000676802
182,421.34,0.19964,0.13927,0.22242,0.80045,0.98114,0.99268,0.9937,0.98703,0.98114,0.99268,0.9937,0.94086,0.17389,0.21858,0.21654,0.79273,0.000671301,0.000671301,0.000671301
183,423.529,0.22594,0.15803,0.23572,0.79876,0.97866,0.99686,0.99368,0.98165,0.97866,0.99686,0.99368,0.95044,0.1761,0.23059,0.21616,0.79358,0.0006658,0.0006658,0.0006658
184,425.737,0.23163,0.15557,0.2363,0.80422,0.97983,0.99775,0.99282,0.9889,0.97983,0.99775,0.99282,0.95977,0.17046,0.2314,0.21457,0.79184,0.000660299,0.000660299,0.000660299
185,427.932,0.20365,0.14923,0.22773,0.80395,0.98164,0.99703,0.99157,0.97478,0.98164,0.99703,0.99157,0.94496,0.17635,0.22813,0.2185,0.78943,0.000654798,0.000654798,0.000654798
186,430.122,0.22498,0.15373,0.24303,0.80321,0.98145,0.99699,0.99263,0.9728,0.98145,0.99699,0.99263,0.94867,0.17915,0.22858,0.22024,0.79034,0.000649297,0.000649297,0.000649297
187,432.335,0.20463,0.15557,0.22753,0.78531,0.98221,0.99498,0.99148,0.97047,0.98221,0.99498,0.99148,0.94196,0.18508,0.24219,0.21875,0.79743,0.000643795,0.000643795,0.000643795
188,434.505,0.2078,0.1443,0.22386,0.79904,0.98214,0.99514,0.99105,0.97026,0.98214,0.99514,0.99105,0.93382,0.17795,0.24697,0.22372,0.79635,0.000638294,0.000638294,0.000638294
189,436.682,0.2073,0.17703,0.2143,0.80385,0.98168,0.99442,0.99062,0.97421,0.98168,0.99442,0.99062,0.93324,0.16402,0.23388,0.21386,0.80043,0.000632793,0.000632793,0.000632793
190,438.856,0.20353,0.14052,0.20685,0.78878,0.98136,0.99414,0.99076,0.97503,0.98136,0.99414,0.99076,0.93387,0.1633,0.22786,0.21418,0.80138,0.000627292,0.000627292,0.000627292
191,441.135,0.19357,0.12863,0.21102,0.79484,0.98204,0.99353,0.99079,0.97147,0.98204,0.99353,0.99079,0.92995,0.18577,0.22664,0.2181,0.80524,0.000621791,0.000621791,0.000621791
192,443.331,0.19746,0.12302,0.2103,0.79601,0.98285,0.99266,0.99095,0.97703,0.98285,0.99266,0.99095,0.92969,0.17144,0.22602,0.21648,0.80273,0.00061629,0.00061629,0.00061629
193,445.65,0.20066,0.13659,0.20932,0.79114,0.98372,0.99194,0.99239,0.9839,0.98372,0.99194,0.99239,0.93246,0.18059,0.22723,0.21365,0.80256,0.000610789,0.000610789,0.000610789
194,447.972,0.21303,0.14806,0.2139,0.79164,0.98374,0.99189,0.99242,0.9838,0.98374,0.99189,0.99242,0.92912,0.17872,0.2302,0.21271,0.80218,0.000605288,0.000605288,0.000605288
195,450.259,0.1956,0.12849,0.20892,0.79094,0.9808,0.98656,0.99239,0.9767,0.9808,0.98656,0.99239,0.92598,0.17587,0.232,0.20777,0.79844,0.000599787,0.000599787,0.000599787
196,452.475,0.19479,0.12753,0.20224,0.80321,0.97846,0.98679,0.9921,0.97646,0.97846,0.98679,0.9921,0.93229,0.17416,0.22804,0.20763,0.80037,0.000594286,0.000594286,0.000594286
197,454.772,0.20701,0.1672,0.20818,0.78744,0.97494,0.98797,0.99074,0.97952,0.97494,0.98797,0.99074,0.92828,0.17986,0.22202,0.21751,0.79764,0.000588784,0.000588784,0.000588784
198,456.985,0.19598,0.12936,0.19722,0.80297,0.97578,0.98881,0.99042,0.97937,0.97578,0.98881,0.99042,0.92051,0.17328,0.22376,0.21465,0.79511,0.000583283,0.000583283,0.000583283
199,459.236,0.20124,0.1384,0.20296,0.79936,0.97958,0.99394,0.99053,0.97167,0.97958,0.99394,0.99053,0.91106,0.16442,0.23058,0.20639,0.79321,0.000577782,0.000577782,0.000577782
200,461.501,0.18944,0.15062,0.19926,0.80469,0.98188,0.99362,0.99027,0.96876,0.98188,0.99362,0.99027,0.9089,0.16034,0.23105,0.20703,0.79178,0.000572281,0.000572281,0.000572281
201,463.741,0.18412,0.1563,0.2022,0.80262,0.98343,0.99167,0.99013,0.97849,0.98343,0.99167,0.99013,0.92162,0.16495,0.2108,0.2058,0.79097,0.00056678,0.00056678,0.00056678
202,466.007,0.19262,0.14486,0.20494,0.80198,0.98333,0.99109,0.98994,0.97796,0.98333,0.99109,0.98994,0.92194,0.16799,0.20867,0.2061,0.79224,0.000561279,0.000561279,0.000561279
203,468.274,0.18582,0.13415,0.20042,0.78622,0.98494,0.99088,0.99168,0.96739,0.98494,0.99088,0.99168,0.926,0.16223,0.20607,0.1968,0.79406,0.000555778,0.000555778,0.000555778
204,470.519,0.18243,0.15503,0.19838,0.79109,0.98538,0.99061,0.99181,0.97492,0.98538,0.99061,0.99181,0.93715,0.15634,0.20902,0.19636,0.7947,0.000550277,0.000550277,0.000550277
205,472.753,0.17745,0.13496,0.18867,0.80142,0.98615,0.99039,0.99186,0.97161,0.98615,0.99039,0.99186,0.92367,0.17042,0.21132,0.19841,0.80038,0.000544776,0.000544776,0.000544776
206,474.987,0.20395,0.15311,0.22044,0.80731,0.98636,0.99131,0.9921,0.97233,0.98636,0.99131,0.9921,0.93058,0.18302,0.21524,0.20318,0.80109,0.000539275,0.000539275,0.000539275
207,477.207,0.19482,0.13834,0.20129,0.79535,0.98641,0.99335,0.99235,0.97537,0.98641,0.99335,0.99235,0.92581,0.16601,0.22222,0.20865,0.80016,0.000533773,0.000533773,0.000533773
208,479.43,0.20346,0.14013,0.21882,0.80547,0.98667,0.99474,0.99197,0.97449,0.98667,0.99474,0.99197,0.93231,0.16472,0.22514,0.20622,0.79994,0.000528272,0.000528272,0.000528272
209,481.631,0.19155,0.15223,0.21431,0.79113,0.98531,0.99474,0.99217,0.96911,0.98531,0.99474,0.99217,0.92706,0.15974,0.23815,0.20881,0.79634,0.000522771,0.000522771,0.000522771
210,483.828,0.1905,0.1468,0.20442,0.8053,0.98478,0.99474,0.99299,0.97488,0.98478,0.99474,0.99299,0.92634,0.15874,0.23285,0.20806,0.79715,0.00051727,0.00051727,0.00051727
211,486.042,0.18114,0.13008,0.20328,0.80041,0.97846,0.99077,0.99318,0.97818,0.97846,0.99077,0.99318,0.92171,0.15713,0.22264,0.20162,0.80073,0.000511769,0.000511769,0.000511769
212,488.186,0.17974,0.13576,0.19422,0.80781,0.97468,0.99167,0.99323,0.97781,0.97468,0.99167,0.99323,0.92307,0.15324,0.22409,0.19585,0.80082,0.000506268,0.000506268,0.000506268
213,490.459,0.19641,0.15798,0.20972,0.78353,0.98034,0.99474,0.99362,0.98108,0.98034,0.99474,0.99362,0.92368,0.16064,0.24113,0.20067,0.80123,0.000500767,0.000500767,0.000500767
214,492.679,0.18229,0.12693,0.19656,0.79839,0.98313,0.99474,0.99391,0.98005,0.98313,0.99474,0.99391,0.92033,0.16232,0.25159,0.19831,0.80055,0.000495266,0.000495266,0.000495266
215,494.903,0.18254,0.13386,0.19981,0.81252,0.98431,0.99474,0.99365,0.98235,0.98431,0.99474,0.99365,0.91971,0.15858,0.26245,0.20248,0.79514,0.000489765,0.000489765,0.000489765
216,497.089,0.19692,0.13741,0.1981,0.80083,0.98453,0.99474,0.99324,0.98249,0.98453,0.99474,0.99324,0.91268,0.16106,0.26537,0.2041,0.79356,0.000484263,0.000484263,0.000484263
217,499.328,0.19686,0.11647,0.19211,0.79582,0.9828,0.99368,0.99087,0.97307,0.9828,0.99368,0.99087,0.91198,0.1625,0.2658,0.20529,0.79499,0.000478762,0.000478762,0.000478762
218,501.568,0.1658,0.11605,0.18641,0.80044,0.98412,0.99082,0.99037,0.96837,0.98412,0.99082,0.99037,0.91554,0.16471,0.26414,0.20301,0.79617,0.000473261,0.000473261,0.000473261
219,503.814,0.17231,0.12611,0.18689,0.78674,0.98303,0.99059,0.99043,0.96892,0.98303,0.99059,0.99043,0.93247,0.16379,0.26638,0.19977,0.79321,0.00046776,0.00046776,0.00046776
220,506.055,0.18155,0.12249,0.19022,0.79795,0.98287,0.99105,0.99045,0.97216,0.98287,0.99105,0.99045,0.92842,0.16352,0.27327,0.20058,0.79203,0.000462259,0.000462259,0.000462259
221,508.392,0.18269,0.14736,0.19095,0.79226,0.98314,0.9922,0.99068,0.96852,0.98314,0.9922,0.99068,0.93204,0.16944,0.28337,0.20279,0.79457,0.000456758,0.000456758,0.000456758
222,510.603,0.19629,0.13236,0.19684,0.80083,0.98378,0.99252,0.99055,0.96546,0.98378,0.99252,0.99055,0.93365,0.16384,0.27828,0.20284,0.79478,0.000451257,0.000451257,0.000451257
223,512.868,0.16542,0.11725,0.18346,0.80499,0.9854,0.99324,0.99089,0.96523,0.9854,0.99324,0.99089,0.93892,0.1581,0.2707,0.20206,0.79066,0.000445756,0.000445756,0.000445756
224,515.148,0.19159,0.15002,0.20016,0.80389,0.98654,0.99343,0.99156,0.97795,0.98654,0.99343,0.99156,0.94529,0.15412,0.26613,0.1985,0.78943,0.000440255,0.000440255,0.000440255
225,517.436,0.17481,0.13578,0.18932,0.79379,0.98481,0.99474,0.99199,0.97265,0.98481,0.99474,0.99199,0.94316,0.16014,0.26705,0.20688,0.78361,0.000434754,0.000434754,0.000434754
226,519.769,0.1957,0.12915,0.19059,0.805,0.98256,0.99474,0.99138,0.97746,0.98256,0.99474,0.99138,0.94174,0.15391,0.26687,0.20533,0.78343,0.000429253,0.000429253,0.000429253
227,522.036,0.17656,0.1202,0.18801,0.79567,0.98623,0.99474,0.99132,0.97951,0.98623,0.99474,0.99132,0.93596,0.15556,0.25553,0.19948,0.78568,0.000423751,0.000423751,0.000423751
228,524.356,0.16946,0.1323,0.18643,0.79277,0.98658,0.99474,0.9914,0.98047,0.98658,0.99474,0.9914,0.93259,0.1552,0.25031,0.19942,0.78472,0.00041825,0.00041825,0.00041825
229,526.692,0.18268,0.12098,0.19,0.8185,0.98716,0.99474,0.99042,0.97539,0.98716,0.99474,0.99042,0.93303,0.15113,0.25719,0.19635,0.78335,0.000412749,0.000412749,0.000412749
230,528.974,0.19074,0.17999,0.19915,0.80092,0.98761,0.99575,0.99036,0.97929,0.98761,0.99575,0.99036,0.93147,0.15133,0.25941,0.19507,0.78266,0.000407248,0.000407248,0.000407248
231,531.249,0.1689,0.12283,0.18741,0.80707,0.98753,0.99672,0.98871,0.98068,0.98753,0.99672,0.98871,0.92947,0.15928,0.26111,0.19897,0.78325,0.000401747,0.000401747,0.000401747
232,533.57,0.19729,0.14617,0.19173,0.80056,0.98747,0.9967,0.98947,0.98141,0.98747,0.9967,0.98947,0.92926,0.16364,0.26024,0.20177,0.78662,0.000396246,0.000396246,0.000396246
233,535.806,0.20021,0.13386,0.20195,0.79952,0.98746,0.99752,0.99164,0.98274,0.98746,0.99752,0.99164,0.92697,0.1641,0.26494,0.20346,0.78539,0.000390745,0.000390745,0.000390745
234,538.029,0.17361,0.13641,0.18945,0.80117,0.98765,0.9993,0.9927,0.98225,0.98765,0.9993,0.9927,0.92756,0.15686,0.26595,0.20232,0.7838,0.000385244,0.000385244,0.000385244
235,540.229,0.18107,0.13374,0.19245,0.8016,0.98694,1,0.99373,0.98387,0.98694,1,0.99373,0.93553,0.14338,0.26487,0.1938,0.78256,0.000379743,0.000379743,0.000379743
236,542.448,0.1737,0.12409,0.18693,0.78279,0.98675,1,0.99373,0.98403,0.98675,1,0.99373,0.93777,0.14976,0.26827,0.19163,0.78375,0.000374242,0.000374242,0.000374242
237,544.682,0.17307,0.1247,0.18754,0.79848,0.98714,1,0.994,0.98996,0.98714,1,0.994,0.92436,0.15071,0.27133,0.18979,0.78657,0.00036874,0.00036874,0.00036874
238,546.892,0.18266,0.12138,0.19087,0.79728,0.98735,1,0.99411,0.98972,0.98735,1,0.99411,0.90653,0.14877,0.27375,0.18758,0.78776,0.000363239,0.000363239,0.000363239
239,549.093,0.18463,0.15523,0.18982,0.79971,0.98755,0.99912,0.99411,0.97903,0.98755,0.99912,0.99411,0.90076,0.15391,0.27169,0.1952,0.79372,0.000357738,0.000357738,0.000357738
240,551.295,0.18177,0.1256,0.19331,0.79621,0.98741,0.99727,0.99395,0.97877,0.98741,0.99727,0.99395,0.90361,0.15065,0.26736,0.19352,0.79297,0.000352237,0.000352237,0.000352237
241,553.48,0.16938,0.12312,0.17941,0.7824,0.98688,0.99474,0.99339,0.9848,0.98688,0.99474,0.99339,0.91323,0.14528,0.26286,0.18754,0.79273,0.000346736,0.000346736,0.000346736
242,555.692,0.17011,0.13234,0.18203,0.78238,0.98697,0.99474,0.99339,0.98538,0.98697,0.99474,0.99339,0.91768,0.14477,0.26307,0.18768,0.79335,0.000341235,0.000341235,0.000341235
243,557.945,0.17086,0.13779,0.17968,0.80229,0.98703,0.99474,0.99333,0.99063,0.98703,0.99474,0.99333,0.92161,0.14803,0.27609,0.18716,0.79153,0.000335734,0.000335734,0.000335734
244,560.152,0.17552,0.14131,0.18833,0.78504,0.9867,0.99423,0.99367,0.98674,0.9867,0.99423,0.99367,0.92196,0.14595,0.27969,0.18625,0.79054,0.000330233,0.000330233,0.000330233
245,562.335,0.17499,0.12595,0.18608,0.80962,0.9841,0.99474,0.99383,0.9868,0.9841,0.99474,0.99383,0.91887,0.15156,0.27764,0.18222,0.7892,0.000324732,0.000324732,0.000324732
246,564.518,0.16721,0.11486,0.17544,0.79862,0.98391,0.99368,0.99388,0.98657,0.98391,0.99368,0.99388,0.91033,0.15226,0.27916,0.18178,0.78926,0.000319231,0.000319231,0.000319231
247,566.703,0.16892,0.11007,0.1759,0.80758,0.98361,0.99415,0.99417,0.98161,0.98361,0.99415,0.99417,0.92061,0.14231,0.27721,0.17324,0.79079,0.000313729,0.000313729,0.000313729
248,568.903,0.18298,0.12837,0.18449,0.80178,0.98203,0.99179,0.99412,0.98219,0.98203,0.99179,0.99412,0.91914,0.14358,0.27596,0.17423,0.79067,0.000308228,0.000308228,0.000308228
249,571.126,0.17647,0.126,0.17724,0.79075,0.98294,0.99233,0.99406,0.97877,0.98294,0.99233,0.99406,0.91935,0.14011,0.27217,0.17219,0.79046,0.000302727,0.000302727,0.000302727
250,573.328,0.17146,0.12061,0.18114,0.8055,0.98504,0.99423,0.99412,0.9837,0.98504,0.99423,0.99412,0.91633,0.14034,0.26875,0.17159,0.79123,0.000297226,0.000297226,0.000297226
251,575.561,0.18536,0.13651,0.18383,0.78313,0.98589,0.9954,0.99412,0.97966,0.98589,0.9954,0.99412,0.92093,0.13786,0.25743,0.1725,0.79207,0.000291725,0.000291725,0.000291725
252,577.827,0.16775,0.13198,0.17273,0.78335,0.98691,0.99527,0.99412,0.97372,0.98691,0.99527,0.99412,0.92847,0.14052,0.25174,0.1714,0.79355,0.000286224,0.000286224,0.000286224
253,580.07,0.18252,0.12607,0.18485,0.79576,0.98728,0.99495,0.99406,0.98022,0.98728,0.99495,0.99406,0.93514,0.14013,0.24489,0.17698,0.78984,0.000280723,0.000280723,0.000280723
254,582.279,0.17641,0.13068,0.18022,0.79773,0.98733,0.99478,0.994,0.97978,0.98733,0.99478,0.994,0.92704,0.1415,0.24208,0.1774,0.78905,0.000275222,0.000275222,0.000275222
255,584.499,0.17511,0.11917,0.17747,0.80485,0.98732,0.99271,0.99367,0.9794,0.98732,0.99271,0.99367,0.92831,0.14877,0.24295,0.18021,0.79298,0.000269721,0.000269721,0.000269721
256,586.701,0.1848,0.12873,0.19097,0.80004,0.98737,0.99159,0.99367,0.97427,0.98737,0.99159,0.99367,0.92703,0.14275,0.24609,0.1817,0.78971,0.00026422,0.00026422,0.00026422
257,588.903,0.17233,0.12469,0.17595,0.80272,0.98655,0.99093,0.99396,0.97621,0.98655,0.99093,0.99396,0.94592,0.13951,0.25073,0.17296,0.79024,0.000258718,0.000258718,0.000258718
258,591.067,0.16473,0.13105,0.17524,0.79415,0.98619,0.99086,0.994,0.97629,0.98619,0.99086,0.994,0.94676,0.14081,0.25153,0.17742,0.79311,0.000253217,0.000253217,0.000253217
259,593.249,0.16527,0.12293,0.17313,0.7973,0.98563,0.99088,0.994,0.97576,0.98563,0.99088,0.994,0.9403,0.13867,0.25157,0.17333,0.79442,0.000247716,0.000247716,0.000247716
260,595.448,0.16945,0.12563,0.17899,0.79798,0.98548,0.99095,0.99395,0.97568,0.98548,0.99095,0.99395,0.92392,0.13949,0.24948,0.17223,0.7964,0.000242215,0.000242215,0.000242215
261,597.781,0.16354,0.13061,0.17572,0.79957,0.98549,0.99115,0.99389,0.97401,0.98549,0.99115,0.99389,0.91819,0.14027,0.25688,0.17134,0.79755,0.000236714,0.000236714,0.000236714
262,600.064,0.16396,0.12923,0.17948,0.78243,0.98406,0.98947,0.99361,0.98045,0.98406,0.98947,0.99361,0.9183,0.13924,0.26123,0.1727,0.79761,0.000231213,0.000231213,0.000231213
263,602.359,0.15099,0.11006,0.16512,0.79435,0.98469,0.98947,0.99367,0.97991,0.98469,0.98947,0.99367,0.92536,0.14579,0.27048,0.17703,0.80123,0.000225712,0.000225712,0.000225712
264,604.661,0.15764,0.11691,0.16483,0.79182,0.98485,0.98947,0.99367,0.98025,0.98485,0.98947,0.99367,0.9263,0.14221,0.2734,0.17665,0.80139,0.000220211,0.000220211,0.000220211
265,606.923,0.15943,0.11851,0.17098,0.79933,0.98522,0.98947,0.99378,0.98499,0.98522,0.98947,0.99378,0.9138,0.13485,0.27407,0.17525,0.79915,0.00021471,0.00021471,0.00021471
266,609.226,0.17062,0.13311,0.1797,0.79484,0.9856,0.98947,0.99378,0.98517,0.9856,0.98947,0.99378,0.92881,0.13503,0.27167,0.175,0.79761,0.000209209,0.000209209,0.000209209
267,611.539,0.16642,0.12754,0.18693,0.79775,0.986,0.98947,0.99378,0.98404,0.986,0.98947,0.99378,0.9343,0.13324,0.2679,0.17874,0.79694,0.000203707,0.000203707,0.000203707
268,613.907,0.15347,0.10787,0.17665,0.80432,0.98624,0.98947,0.99373,0.98037,0.98624,0.98947,0.99373,0.93392,0.1352,0.26465,0.17833,0.79718,0.000198206,0.000198206,0.000198206
269,616.243,0.15226,0.12,0.16592,0.79111,0.98643,0.99104,0.99356,0.98038,0.98643,0.99104,0.99356,0.92852,0.14129,0.26379,0.17983,0.79902,0.000192705,0.000192705,0.000192705
270,618.518,0.16469,0.12908,0.17056,0.78002,0.98659,0.9912,0.99356,0.98074,0.98659,0.9912,0.99356,0.92806,0.13839,0.26409,0.17748,0.79902,0.000187204,0.000187204,0.000187204
271,620.884,0.15343,0.11427,0.16012,0.79094,0.98692,0.9915,0.99356,0.98385,0.98692,0.9915,0.99356,0.92987,0.13594,0.26652,0.174,0.8006,0.000181703,0.000181703,0.000181703
272,623.138,0.16723,0.11493,0.17533,0.79069,0.98556,0.99343,0.99356,0.98437,0.98556,0.99343,0.99356,0.91237,0.13764,0.26626,0.17306,0.80119,0.000176202,0.000176202,0.000176202
273,625.445,0.16575,0.12734,0.17385,0.80316,0.98514,0.99459,0.99363,0.98506,0.98514,0.99459,0.99363,0.90885,0.1368,0.27119,0.17107,0.79947,0.000170701,0.000170701,0.000170701
274,627.68,0.1571,0.12549,0.16855,0.79669,0.98518,0.99479,0.99357,0.98901,0.98518,0.99479,0.99357,0.90936,0.13685,0.27262,0.17103,0.79808,0.0001652,0.0001652,0.0001652
275,629.96,0.13976,0.11072,0.15215,0.80082,0.98546,0.99487,0.99348,0.98414,0.98546,0.99487,0.99348,0.92121,0.13504,0.27396,0.16457,0.7964,0.000159699,0.000159699,0.000159699
276,632.212,0.14929,0.11686,0.1698,0.7845,0.98551,0.99493,0.99366,0.98354,0.98551,0.99493,0.99366,0.92109,0.13351,0.27403,0.16429,0.79457,0.000154198,0.000154198,0.000154198
277,634.48,0.14353,0.13376,0.1482,0.78184,0.98557,0.99485,0.9937,0.98381,0.98557,0.99485,0.9937,0.922,0.13244,0.26929,0.16216,0.79411,0.000148696,0.000148696,0.000148696
278,636.782,0.15776,0.12892,0.1718,0.78508,0.98562,0.99481,0.99381,0.98352,0.98562,0.99481,0.99381,0.92219,0.13176,0.26841,0.16322,0.79392,0.000143195,0.000143195,0.000143195
279,639.099,0.15666,0.10946,0.17004,0.78473,0.98591,0.99481,0.99375,0.98406,0.98591,0.99481,0.99375,0.92345,0.13187,0.2641,0.16119,0.79275,0.000137694,0.000137694,0.000137694
280,641.396,0.15275,0.1229,0.16305,0.78861,0.98618,0.99479,0.99375,0.98461,0.98618,0.99479,0.99375,0.92454,0.13113,0.26143,0.16316,0.79248,0.000132193,0.000132193,0.000132193
281,643.657,0.1423,0.11189,0.15548,0.78968,0.98658,0.99474,0.99378,0.98468,0.98658,0.99474,0.99378,0.92506,0.13339,0.25685,0.16696,0.79262,0.000126692,0.000126692,0.000126692
282,645.897,0.16732,0.1403,0.16876,0.81153,0.98675,0.99459,0.99367,0.98454,0.98675,0.99459,0.99367,0.92094,0.13204,0.25833,0.16721,0.79321,0.000121191,0.000121191,0.000121191
283,648.128,0.15263,0.1232,0.15675,0.79953,0.98666,0.99439,0.99367,0.98466,0.98666,0.99439,0.99367,0.92291,0.12758,0.25764,0.16621,0.79307,0.00011569,0.00011569,0.00011569
284,650.371,0.15861,0.11935,0.16039,0.7861,0.98656,0.9944,0.99367,0.98077,0.98656,0.9944,0.99367,0.92577,0.12734,0.25659,0.16371,0.79257,0.000110189,0.000110189,0.000110189
